﻿Nom,08/10/24,Parent item,Sub-item
LES NATURES PRODUIT,,RÈGLES DE CODIFICATION ARTICLES (https://www.notion.so/R-GLES-DE-CODIFICATION-ARTICLES-e849b5e8a22f4403816910ef89038566?pvs=21),
TYPE D’ACTIVITÉS,,RÈGLES DE CODIFICATION ARTICLES (https://www.notion.so/R-GLES-DE-CODIFICATION-ARTICLES-e849b5e8a22f4403816910ef89038566?pvs=21),
LES LIGNES PRODUITS,,RÈGLES DE CODIFICATION ARTICLES (https://www.notion.so/R-GLES-DE-CODIFICATION-ARTICLES-e849b5e8a22f4403816910ef89038566?pvs=21),
LES FORMES DU PRODUIT,,RÈGLES DE CODIFICATION ARTICLES (https://www.notion.so/R-GLES-DE-CODIFICATION-ARTICLES-e849b5e8a22f4403816910ef89038566?pvs=21),
RÈGLES DE CODIFICATION ARTICLES,,,"TYPES D’ARTICLES  (https://www.notion.so/TYPES-D-ARTICLES-c240419786c549a69e0d65c7bf43971e?pvs=21), TYPE D’ACTIVITÉS (https://www.notion.so/TYPE-D-ACTIVIT-S-1192ad10798f80908b38d0cdaa4b76e4?pvs=21), LES NATURES PRODUIT (https://www.notion.so/LES-NATURES-PRODUIT-11b2ad10798f806fac03f3dd047bd069?pvs=21), LES LIGNES PRODUITS (https://www.notion.so/LES-LIGNES-PRODUITS-11c2ad10798f80da987eee086278b64f?pvs=21), LES FORMES DU PRODUIT (https://www.notion.so/LES-FORMES-DU-PRODUIT-11a2ad10798f8015b082eca314ba0921?pvs=21)"
"TYPES D’ARTICLES ",,RÈGLES DE CODIFICATION ARTICLES (https://www.notion.so/R-GLES-DE-CODIFICATION-ARTICLES-e849b5e8a22f4403816910ef89038566?pvs=21),
RÈGLES DE CODIFICATION MATIÈRES,,,
RÈGLE DE CODIFICATION FOURNITURES,,,
LES RÈGLES ZIP,,,
LES BASES DE COULEURS,,,